grain_number,size_meters,percent_finer_count
6,0.01,0
6,0.02,43.14574315
6,0.03,68.92736893
6,0.04,83.98268398
6,0.06,97.21019721
6,0.08,99.61519962
