Folder,Data_type,Video_ID,Video_name,Frame_rate_fps,Width_px,Height_px,Dimension_megapixel,Duration_s,Grain_number_qc0,Area_qc0_m2,Area_qc2_m2,Area_ratio_qc2,Total_frame,Frame_qc0,Frame_qc1,Frame_qc2,Frame_ratio_qc0,Frame_ratio_qc1,Frame_ratio_qc2,Efficiency_m2_per_second,Efficiency_grains_per_second,Grain_number_per_frame
20250627_LR_WalkSmartphoneFieldTest,0.0,0.0,7918.0,29.9966220020268,1080.0,1920.0,2.0736,14.8016666666667,189.0,0.260987712665309,0.260987712665309,1.0,2.0,1.0,1.0,1.0,0.5,0.5,0.5,0.017632319288276663,12.768832338700568,189.0
20250627_LR_WalkSmartphoneFieldTest,1.0,-9999.0,-9999.0,-9999.0,3024.0,4032.0,12.192768,378.0,797.0,1.7185699997967416,1.4250334819091672,0.8291972291368455,4.0,4.0,3.0,3.0,1.0,0.75,0.75,0.004546481480943761,2.1084656084656084,199.25
20250627_LR_WalkSmartphoneFieldTest,2.0,-9999.0,-9999.0,-9999.0,2376.0,3328.0,8.819711999999999,392.8016666666667,986.0,1.9795577124620507,1.6860211945744763,0.8517161100989109,6.0,5.0,4.0,4.0,0.8333333333333334,0.6666666666666666,0.6666666666666666,0.0050395858277809,2.5101726486225022,197.2
